codprov,province,popsharewomen_agegroup1_1970,popsharewomen_agegroup2_1970,popsharemen_agegroup1_1970,popsharemen_agegroup2_1970,popsharewomen_agegroup1_1960,popsharewomen_agegroup2_1960,popsharemen_agegroup1_1960,popsharemen_agegroup2_1960,source_page_viii,raw_chunk_viii,parsed_token_count_viii,active_total_1950,agri_total_1950,mining_total_1950,manufacturing_total_1950,construction_total_1950,utilities_total_1950,commerce_total_1950,transport_total_1950,services_total_1950,unspecified_total_1950,sector_sum_viii,sector_gap_viii,sector_gap_share_viii,usable_viii,source_page_viii_cap,raw_chunk_viii_cap,parsed_token_count_viii_cap,active_total_1950_cap,agri_total_1950_cap,mining_total_1950_cap,manufacturing_total_1950_cap,construction_total_1950_cap,utilities_total_1950_cap,commerce_total_1950_cap,transport_total_1950_cap,services_total_1950_cap,unspecified_total_1950_cap,sector_sum_viii_cap,sector_gap_viii_cap,sector_gap_share_viii_cap,usable_viii_cap,agri_share_1950,mining_share_1950,manufacturing_share_1950,construction_share_1950,utilities_share_1950,commerce_share_1950,transport_share_1950,services_share_1950,unspecified_share_1950,industrial_core_share_1950,oil_sensitive_share_1950,manuf_trade_share_1950,nonag_share_1950,agri_share_1950_cap,mining_share_1950_cap,manufacturing_share_1950_cap,construction_share_1950_cap,utilities_share_1950_cap,commerce_share_1950_cap,transport_share_1950_cap,services_share_1950_cap,unspecified_share_1950_cap,industrial_core_share_1950_cap,oil_sensitive_share_1950_cap,manuf_trade_share_1950_cap,nonag_share_1950_cap,active_total_1950_rest,agri_total_1950_rest,mining_total_1950_rest,manufacturing_total_1950_rest,construction_total_1950_rest,utilities_total_1950_rest,commerce_total_1950_rest,transport_total_1950_rest,services_total_1950_rest,unspecified_total_1950_rest,sector_sum_viii_rest,sector_gap_viii_rest,sector_gap_share_viii_rest,usable_viii_rest_strict,usable_viii_rest_soft,usable_viii_rest,agri_share_1950_rest,mining_share_1950_rest,manufacturing_share_1950_rest,construction_share_1950_rest,utilities_share_1950_rest,commerce_share_1950_rest,transport_share_1950_rest,services_share_1950_rest,unspecified_share_1950_rest,industrial_core_share_1950_rest,oil_sensitive_share_1950_rest,manuf_trade_share_1950_rest,nonag_share_1950_rest,female_young_share_1960,female_young_share_1970,male_young_share_1960,male_young_share_1970,proxy_usable_pre73,proxy_usable_pre73_cap,proxy_usable_pre73_rest
1.0,alava,0.10068974,0.18751444,0.10517069,0.19204432,0.094330885,0.17179628,0.105031975,0.18403998,1.0,46.966 19.684 166 10.731 3.062 187 2.963 1.622 8 .053 498 Var0nes 40.534 19.033 166 9.303 3.032 187 2.416 1.491 4.428 478,10,46966.0,19684.0,166.0,10731.0,3062.0,187.0,2963.0,1622.0,8053.0,498.0,46966.0,0.0,0.0,1,1.0,21.576 2.428 21 7.477 2.004 83 2.457 994 6.029 83 Var0nes 16.754 2 .337 21 6.201 1.984 83 1.973 883 3.189 83,10,21576.0,2428.0,21.0,7477.0,2004.0,83.0,2457.0,994.0,6029.0,83.0,21576.0,0.0,0.0,1,0.41911169782395774,0.0035344717455180344,0.22848443554912065,0.06519609930588086,0.0039816037133245325,0.06308819145765021,0.03453562151343525,0.1714644636545586,0.010603415236554102,0.2936805348550015,0.3321977600817613,0.29157262700677083,0.5808883021760423,0.11253244345569151,0.0009733036707452725,0.34654245457916205,0.092880978865406,0.0038468668891360773,0.11387652947719688,0.0460697070819429,0.2794308490915832,0.0038468668891360773,0.439423433444568,0.48934000741564704,0.4604189840563589,0.8874675565443085,25390.0,17256.0,145.0,3254.0,1058.0,104.0,506.0,628.0,2024.0,415.0,25390.0,0.0,0.0,1.0,0.0,1.0,0.6796376526191414,0.005710909807010634,0.1281606931862938,0.04166994879873966,0.004096100827097282,0.019929105947223316,0.024734147302087436,0.07971642378889326,0.016345017723513194,0.16983064198503348,0.1986608901142182,0.14808979913351714,0.32036234738085856,0.26612717,0.2882042,0.28907195,0.297215,1,1,1.0
2.0,albacete,0.09712123,0.19102375,0.1019939,0.20609753,0.10149517,0.18128762,0.107293814,0.19266884,1.0,138.634 91 .629 421 15.597 6 .257 260 6.984 4 .843 12.122 521 Var0nes 130.237 90.989 411 13.454 6.257 250 6.446 4.752 7.167 511,10,138634.0,91629.0,421.0,15597.0,6257.0,260.0,6984.0,4843.0,12122.0,521.0,138634.0,0.0,0.0,1,1.0,24.353 8.213 - 3.606 1.979 61 2.896 2.142 5.324 132 Var0nes 21.385 8.069 3 .380 1.979 51 2.598 2.091 3.095 12 1i,10,24353.0,8213.0,0.0,3606.0,1979.0,61.0,2896.0,2142.0,5324.0,132.0,24353.0,0.0,0.0,1,0.6609417603185366,0.0030367730859673673,0.11250486893547038,0.045133228500944936,0.0018754418108112008,0.050377252333482406,0.034933710345225556,0.0874388678102053,0.003758096859356291,0.1576380974364153,0.19444724959245208,0.1628821212689528,0.3390582396814634,0.3372479776618897,0.0,0.1480721061060239,0.08126308873650064,0.0025048248675727837,0.11891758715558658,0.08795630928427708,0.2186178294255328,0.005420276762616515,0.22933519484252454,0.31979632899437443,0.2669896932616105,0.6627520223381103,114281.0,83416.0,421.0,11991.0,4278.0,199.0,4088.0,2701.0,6798.0,389.0,114281.0,0.0,0.0,1.0,0.0,1.0,0.7299201092045047,0.0036839019609558894,0.10492557818009993,0.03743404415432137,0.001741321829525468,0.0357714755733674,0.023634724932403463,0.059484953754342366,0.0034038904104794323,0.1423596223344213,0.16773566909635024,0.14069705375346733,0.2700798907954953,0.2827828,0.28814498,0.29996264,0.30809143,1,1,1.0
3.0,alicante,0.09741929,0.17602098,0.10469236,0.19215368,0.089664325,0.15673448,0.10038153,0.17122161,2.0,246.332 109 .327 2 .331 66 .884 9 .623 1.266 15 .968 9 .643 25 .088 6 .20 2 Var0nes 208.588 100 .994 2 .291 50 .441 9 .561 1.256 14 .375 9 .413 14 .949 5 .308,10,246332.0,109327.0,2331.0,66884.0,9623.0,1266.0,15968.0,9643.0,25088.0,6202.0,246332.0,0.0,0.0,1,2.0,38.643 3 .544 160 9 .288 3 .454 571 6 .042 4 .514 9 .981 1.08 9 Var0nes 31.515 3 .454 160 7 .598 3 .424 561 5 .386 4 .425 5 .716 79 1,10,38643.0,3544.0,160.0,9288.0,3454.0,571.0,6042.0,4514.0,9981.0,1089.0,38643.0,0.0,0.0,1,0.4438197229754965,0.009462838770439894,0.2715197375899193,0.03906516408749168,0.005139405355374048,0.06482308429274312,0.03914635532533329,0.10184628874851825,0.025177402854683922,0.310584901677411,0.3548706623581183,0.3363428218826624,0.5561802770245035,0.09171130605801826,0.004140465284786378,0.24035400978184923,0.08938229433532593,0.014776285485081387,0.1563543203167456,0.11681287684703569,0.25828740004658024,0.028181041844577284,0.3297363041171752,0.46132546644929223,0.39670833009859485,0.9082886939419818,207689.0,105783.0,2171.0,57596.0,6169.0,695.0,9926.0,5129.0,15107.0,5113.0,207689.0,0.0,0.0,1.0,0.0,1.0,0.5093336671658104,0.010453129438728097,0.2773184906278137,0.029703065641415772,0.003346349590011989,0.04779261299346619,0.024695578485138838,0.07273856583641887,0.024618540221196115,0.30702155626922945,0.3350634843443803,0.3251111036212799,0.4906663328341896,0.2463988,0.27344027,0.27160314,0.29684603,1,1,1.0
4.0,almeria,0.099468,0.19682464,0.10752033,0.21415044,0.10394183,0.19001247,0.117508106,0.21571577,3.0,122.640 78 .682 3.687 9.318 4.339 563 5.828 3.631 14.409 2.183 Var0nes 111.353 76 .141 3.637 8.399 4.299 553 5.172 3.440 7 .872 1.840,10,122640.0,78682.0,3687.0,9318.0,4339.0,563.0,5828.0,3631.0,14409.0,2183.0,122640.0,0.0,0.0,1,3.0,26.087 5.835 154 3.860 2.702 379 3.133 2.038 7 .147 839 Var0nes 21.662 5.733 154 3.450 2.682 369 2 .774 1.925 3 .992 583,10,26087.0,5835.0,154.0,3860.0,2702.0,379.0,3133.0,2038.0,7147.0,839.0,26087.0,0.0,0.0,1,0.6415688193085454,0.030063600782778865,0.0759784735812133,0.035379973907371166,0.004590671885192433,0.04752120026092629,0.029606979778212656,0.11749021526418786,0.01780006523157208,0.11135844748858448,0.14555609915198955,0.1234996738421396,0.35843118069145463,0.22367462720895465,0.005903323494460842,0.14796642005596658,0.1035764940391766,0.0145283091194848,0.12009813316977805,0.07812320312799478,0.27396787672020545,0.032161613063978224,0.2515429140951432,0.34419442634262276,0.26806455322574463,0.7763253727910453,96553.0,72847.0,3533.0,5458.0,1637.0,184.0,2695.0,1593.0,7262.0,1344.0,96553.0,0.0,0.0,1.0,0.0,1.0,0.7544768158420764,0.036591302186363965,0.056528538730023926,0.016954418816608495,0.0019056891033939908,0.027912131161123944,0.01649871055275341,0.0752125775480824,0.013919816059573499,0.07348295754663242,0.09188735720277982,0.08444066989114787,0.24552318415792362,0.2939543,0.29629263,0.33322388,0.32167077,1,1,1.0
5.0,avila,0.070380956,0.1725444,0.070748724,0.18270399,0.091880396,0.19070227,0.09410337,0.20846196,4.0,86.613 62 770 285 4 .426 3.015 398 3.199 .881 9.840 799 751 Var0nes 80.883 61.509 285 4.125 2.976 398 2.995 1.842 6.002 48,10,86613.0,62770.0,285.0,4426.0,3015.0,398.0,3199.0,1881.0,9840.0,799.0,86613.0,0.0,0.0,1,4.0,ÁV1LA (iipit11 . . 7.166 342 31 768 1.015 52 1.032 1 765 3.15 1 1.990 10 10 Var0nes 5.792 342 31 642 1.015 52 964 68 746 19 1.161 -,10,7166.0,342.0,31.0,768.0,1015.0,52.0,1032.0,765.0,3151.0,10.0,7166.0,0.0,0.0,1,0.7247179984528881,0.0032904991167607635,0.051100874002747855,0.03481001697204807,0.004595153152529066,0.03693440938427257,0.02171729417062104,0.11360881161026636,0.00922494313786614,0.08591089097479593,0.11222333829794603,0.08803528338702042,0.2752820015471119,0.047725369801842034,0.004325983812447669,0.10717276025676807,0.14164108289143176,0.007256488975718672,0.1440133965950321,0.10675411666201508,0.439715322355568,0.0013954786491766676,0.24881384314819982,0.36282444878593356,0.2511861568518002,0.952274630198158,79447.0,62428.0,254.0,3658.0,2000.0,346.0,2167.0,1116.0,6689.0,789.0,79447.0,0.0,0.0,1.0,0.0,1.0,0.7857817161126286,0.0031970999534280714,0.0460432741324405,0.025174015381323397,0.004355104660968948,0.0272760456656639,0.014047100582778456,0.08419449444283611,0.00993114906793208,0.0712172895137639,0.0896194947575113,0.0733193197981044,0.2142182838873714,0.28258267,0.24292536,0.30256534,0.25345272,1,1,1.0
6.0,badajoz,0.08814702,0.1930169,0.093722835,0.2057881,,,,,4.0,286.181 205.055 1.330 22 .869 9.168 473 10 .743 4.926 30 .651 6.876 966 836 Var0nes 266.183 221.810 1.310 21.060 9.138 403 9.944 4.746 ¡3 .775 130,10,286181.0,205055.0,1330.0,22869.0,9168.0,473.0,10743.0,4926.0,30651.0,966.0,286181.0,0.0,0.0,1,5.0,29.228 11.891 10 2.868 2 .5E5 105 2.441 742 8 .471 115 Var0nes 24.395 11.729 10 2.503 2 .555 105 2.157 691 4 .450 105,10,29228.0,11891.0,10.0,2868.0,2585.0,105.0,2441.0,742.0,8471.0,115.0,29228.0,0.0,0.0,1,0.7165220612130085,0.004647408458283394,0.0799109654379571,0.03203566973349034,0.0016528001509534176,0.037539179749878575,0.017212882756018046,0.10710354635702579,0.003375486143384781,0.11194663517144744,0.1308123180784189,0.11745014518783567,0.28347793878699146,0.406835910770494,0.0003421376762009032,0.09812508553441905,0.08844258929793349,0.003592445600109484,0.08351580676064048,0.02538661557410702,0.2898248255097851,0.003934583276310387,0.18656767483235254,0.21554673600656904,0.18164089229505953,0.593164089229506,256953.0,193164.0,1320.0,20001.0,6583.0,368.0,8302.0,4184.0,22180.0,851.0,256953.0,0.0,0.0,1.0,0.0,1.0,0.7517483742162964,0.005137126244877468,0.07783913789681382,0.02561947126517301,0.0014321685288749303,0.03230941067043389,0.016283133491338884,0.08631928796316836,0.003311889723023277,0.10345860916198682,0.12117391118220064,0.1101485485672477,0.24825162578370363,,0.28116393,,0.29951096,1,1,1.0
7.0,baleares,0.086372964,0.14748907,0.09681519,0.16149606,0.07012644,0.13112247,0.07776235,0.1486669,6.0,175.538 70 .437 1.853 43 .389 12.445 716 11.550 j 5.929 28.054 1.165 Var0nes 142.542 63.956 1.813 31 .287 12.355 686 9.712 E 5.819 15.818 1.096,10,175538.0,70437.0,1853.0,43389.0,12445.0,716.0,11550.0,5929.0,28054.0,1165.0,175538.0,0.0,0.0,1,6.0,56.390 1 6.634 434 16.217 6 .940 383 6.581 3.500 15.187 514 Var0nes 43.853 1 6.013 424 12.479 6.890 373 5.619 3.440 8 .111 504,10,56390.0,16634.0,434.0,16217.0,6940.0,383.0,6581.0,3500.0,15187.0,514.0,66390.0,10000.0,0.17733640716439084,1,0.40126354407592657,0.010556118903029543,0.24717724937050667,0.07089633013934304,0.004078888901548383,0.06579771901240757,0.033776162426369216,0.15981724754753956,0.006636739623329422,0.3180735795098497,0.3559286308377673,0.3129749683829142,0.5987364559240734,0.29498137967724775,0.007696400070934563,0.28758645149849266,0.12307146657208724,0.006791984394396169,0.11670508955488562,0.0620677425075368,0.2693208015605604,0.00911509132824969,0.4106579180705799,0.47951764497251287,0.4042915410533783,0.7050186203227522,119148.0,53803.0,1419.0,27172.0,5505.0,333.0,4969.0,2429.0,12867.0,651.0,109148.0,-10000.0,0.08392923087252828,1.0,0.0,1.0,0.4515644408634639,0.011909557860811763,0.22805250612683386,0.04620304159532682,0.0027948433880551917,0.04170443482055931,0.02038641017893712,0.10799174136368214,0.005463792929801591,0.27425554772216065,0.297436801289153,0.26975694094739316,0.5484355591365361,0.20124891,0.23386204,0.22642925,0.25831124,1,1,1.0
8.0,barcelona,0.08923594,0.15762526,0.10064892,0.17567044,0.081464455,0.13378875,0.0947631,0.15738834,,OCR omission in Cuadro VIII,0,,,,,,,,,,,,,,0,,OCR omission in Cuadro VIII,0,,,,,,,,,,,,,,0,,,,,,,,,,,,,,,,,,,,,,,,,,,,,,,,,,,,,0.0,,,0.0,0.0,0.0,,,,,,,,,,,,,,0.2152532,0.24686119,0.25215143,0.27631935,0,0,0.0
9.0,burgos,0.07711093,0.18119654,0.08013015,0.19318521,,,,,,OCR omission in Cuadro VIII,0,,,,,,,,,,,,,,0,,OCR omission in Cuadro VIII,0,,,,,,,,,,,,,,0,,,,,,,,,,,,,,,,,,,,,,,,,,,,,,,,,,,,,0.0,,,0.0,0.0,0.0,,,,,,,,,,,,,,,0.25830746,,0.27331537,0,0,0.0
10.0,caceres,0.081371225,0.19091265,0.08631811,0.20404163,0.100847,0.18787529,0.11084049,0.20090894,7.0,:. 185.305 139.226 665 11.662 . 4 .884 31 6.196 3.644 18.347 650 Var0nes 176.134 137.339 665 11.235 4 .874 31 5.727 3.47 1 12.284 508,10,185305.0,139226.0,665.0,11662.0,4884.0,31.0,6196.0,3644.0,18347.0,650.0,185305.0,0.0,0.0,1,7.0,14.754 3.770 162 1.965 1.439 - 1.327 1.215 4.865 11 Var0nes 12.473 3.748 162 1.846 1.439 - 1.241 1.172 2.854 11,10,14754.0,3770.0,162.0,1965.0,1439.0,0.0,1327.0,1215.0,4865.0,11.0,14754.0,0.0,0.0,1,0.7513342867164944,0.0035886781252529613,0.06293408164917298,0.026356547313887913,0.0001672917622298373,0.03343676641213135,0.01966487682469442,0.09900974069776855,0.003507730498367556,0.0892906289630609,0.10912279754998516,0.09637084806130433,0.24866571328350562,0.25552392571506033,0.010980073200488003,0.13318422122814152,0.09753287244137183,0.0,0.08994171072251593,0.08235054900366003,0.3297410871628033,0.0007455605259590619,0.23071709366951335,0.3130676426731734,0.22312593195065744,0.7444760742849397,170551.0,135456.0,503.0,9697.0,3445.0,31.0,4869.0,2429.0,13482.0,639.0,170551.0,0.0,0.0,1.0,0.0,1.0,0.7942257741086244,0.0029492644428939143,0.056856893246008525,0.02019923659198715,0.00018176381258391917,0.02854864527326137,0.014242074218269021,0.07904966842762576,0.003746679878745947,0.07705612983799567,0.09147996786884861,0.0854055385192699,0.20577422589137562,0.28872228,0.27228388,0.31174943,0.29035974,1,1,1.0
11.0,cadiz,0.116009705,0.21444547,0.12341393,0.22847192,0.09857769,0.16446012,0.16319513,0.2808914,7.0,: 242.112 101.062 1.440 41 .510 20 .404 870 16.017 10.877 43.620 6.312 Var0nes 212.842 99.371 1.400 37 .403 20 .323 860 14.015 10.541 22 .871 6.058,10,242112.0,101062.0,1440.0,41510.0,20404.0,870.0,16017.0,10877.0,43620.0,6312.0,242112.0,0.0,0.0,1,8.0,"34.340 1.525 61 8 .368 5.042 315 4.055 3.439 8.973 2 .562 Var0nes 28.186 , 1.525 61 7.288 5.131 315 3.415 3 .324 4.696 2 .531",10,34340.0,1525.0,61.0,8368.0,5042.0,315.0,4055.0,3439.0,8973.0,2562.0,34340.0,0.0,0.0,1,0.4174183848797251,0.005947660586835844,0.17144957705524716,0.08427504625958235,0.0035933782712133226,0.06615533306899286,0.04492548902987047,0.18016455194290246,0.026070578905630453,0.2557246233148295,0.30424349061591327,0.23760491012424,0.582581615120275,0.04440885264997088,0.001776354105998835,0.2436808386721025,0.1468258590564939,0.009172976121141527,0.11808386721025044,0.10014560279557368,0.2612987769365172,0.07460687245195108,0.39050669772859636,0.49982527664531157,0.36176470588235293,0.9555911473500291,207772.0,99537.0,1379.0,33142.0,15362.0,555.0,11962.0,7438.0,34647.0,3750.0,207772.0,0.0,0.0,1.0,0.0,1.0,0.479068401902085,0.006637082956317502,0.15951138748243265,0.0739368153552933,0.00267119727393489,0.057572723947403884,0.03579885643878867,0.1667549044144543,0.0180486302292898,0.23344820283772597,0.27191825655044954,0.21708411142983655,0.520931598097915,0.2630378,0.33045518,0.44408652,0.35188586,1,1,1.0
12.0,castellon,0.079374924,0.14999822,0.08441466,0.16726989,0.075501,0.13663921,0.08186094,0.1519064,9.0,130 .78 9 83.839 313 20.554 3 .769 555 5 .733 3.618 12.156 252 Var0nes 115 .925 80.197 313 15.237 3 .729 545 5 .052 3.456 7.164 232,10,130789.0,83839.0,313.0,20554.0,3769.0,555.0,5733.0,3618.0,12156.0,252.0,130789.0,0.0,0.0,1,9.0,20.787 6.155 42 4.507 1.166 187 2 .374 1.143 5.119 .94 Var0nes 16.430 5.862 42 3.196 1.156 177 2 .061 1.093 2.749 94,10,20787.0,6155.0,42.0,4507.0,1166.0,187.0,2374.0,1143.0,5119.0,94.0,20787.0,0.0,0.0,1,0.6410248568304674,0.0023931676211302174,0.15715388908853192,0.028817408191820413,0.0042434761333139635,0.04383396157169181,0.027662876847441297,0.09294359617399017,0.0019267675416128269,0.18597129728035233,0.21787765026110759,0.20098785066022373,0.3589751431695326,0.2960985231154087,0.002020493577716842,0.21681820368499544,0.05609275027661519,0.008996007119834512,0.11420599413094723,0.05498628950786549,0.24625968153172656,0.0045220570548900755,0.27291095396161064,0.33689325058931063,0.33102419781594267,0.7039014768845913,110002.0,77684.0,271.0,16047.0,2603.0,368.0,3359.0,2475.0,7037.0,158.0,110002.0,0.0,0.0,1.0,0.0,1.0,0.7062053417210596,0.0024635915710623443,0.14587916583334848,0.023663206123525026,0.0033453937201141795,0.03053580843984655,0.02249959091652879,0.06397156415337903,0.0014363375211359794,0.16954237195687352,0.19538735659351647,0.17641497427319502,0.29379465827894036,0.2121402,0.22937314,0.23376733,0.25168455,1,1,1.0
13.0,ciudad real,0.08915648,0.18982622,0.09628938,0.21156834,0.10227398,0.1813812,0.10875953,0.19742759,10.0,"¡ 189 .504 119 .312 9 .166 18 .544 8 .191 1.309 , 7 .691 6 841 17 .781 679 Var0nes 178 .076 116 826 9 .075 17 .845 8 .151 1.289 7 .076 6 .740 10.375 5 99",10,189504.0,119312.0,9166.0,18544.0,8191.0,1309.0,7691.0,6841.0,17781.0,679.0,189514.0,10.0,5.27693346842283e-05,1,7.0,29.512 2.299 85 8.322 2 .485 326 3.905 1.628 10.246 216 Var0nes 22.772 2 .257 85 6.135 2 .464 305 3 .158 1.586 6 .587 195,10,11892.0,2009.0,10.0,1557.0,1484.0,111.0,1273.0,1444.0,3973.0,31.0,11892.0,0.0,0.0,1,0.6296014859844647,0.04836837217156366,0.09785545423843296,0.0432233620398514,0.006907505910165485,0.04058489530563999,0.03609950185748058,0.09382915400202635,0.0035830378250591016,0.14107881627828436,0.18408582404593044,0.13844034954407294,0.37039851401553525,0.168937100571813,0.0008409014463504877,0.13092835519677093,0.12478977463841238,0.009334006054490415,0.10704675412041709,0.12142616885301043,0.33409014463504877,0.002606794483686512,0.2557181298351833,0.38647830474268413,0.23797510931718802,0.831062899428187,177612.0,117303.0,9156.0,16987.0,6707.0,1198.0,6418.0,5397.0,13808.0,648.0,177622.0,10.0,5.630250208319258e-05,1.0,0.0,1.0,0.6604452401864739,0.05155057090737113,0.09564106028871923,0.03776208814719726,0.006745039749566471,0.036134945836993,0.030386460374299033,0.0777424948764723,0.003648402134990879,0.1334031484359165,0.170534648559782,0.13177600612571222,0.3395547598135261,0.28365517,0.2789827,0.30618712,0.30785772,1,1,1.0
14.0,cordoba,0.09467356,0.19994769,0.106647454,0.21718885,0.10337603,0.18063542,0.11349587,0.20193358,11.0,275.521 167.752 4 .135 30 .722 13.697 1.394 12.274 7.238 37 .143 1.16 6 Var0nes 246.654 162.858 4.135 27 .926 13.556 1.324 11.315 6.986 17.649 905,10,275521.0,167752.0,4135.0,30722.0,13697.0,1394.0,12274.0,7238.0,37143.0,1166.0,275521.0,0.0,0.0,1,11.0,61.602 17.467 129 11.320 6.365 586 4.936 3 .505 16.997 297 Var0nes 48.693 16.453 129 10.088 6.285 576 4.379 3.366 7.209 208,10,61602.0,17467.0,129.0,11320.0,6365.0,586.0,4936.0,3505.0,16997.0,297.0,61602.0,0.0,0.0,1,0.6088537715818395,0.015007930429985373,0.11150511213301345,0.04971308902043765,0.005059505446045855,0.04454832843957448,0.026270229855437515,0.13481005077652883,0.004231982317137351,0.1612182011534511,0.19254793645493448,0.15605344057258794,0.3911462284181605,0.2835459887665985,0.002094087854290445,0.1837602675237817,0.10332456738417584,0.009512678159800007,0.08012726859517548,0.056897503327814035,0.2759163663517418,0.004821272036622188,0.28708483490795755,0.35349501639557157,0.26388753611895716,0.7164540112334015,213919.0,150285.0,4006.0,19402.0,7332.0,808.0,7338.0,3733.0,20146.0,869.0,213919.0,0.0,0.0,1.0,0.0,1.0,0.7025322668860644,0.018726714317101333,0.09069788097363955,0.034274655360206435,0.003777130596160229,0.03430270335968287,0.017450530340923434,0.09417583290871778,0.004062285257504008,0.12497253633384599,0.14620019727092964,0.12500058433332242,0.2974677331139356,0.28401145,0.29462123,0.31542945,0.3238363,1,1,1.0
15.0,a coruña,0.07707842,0.15790355,0.08713072,0.1782314,0.08284923,0.17219439,0.09849581,0.20766562,13.0,415.028 269.429 792 50.846 21 .713 3.293 17.920 8 .958 43 .578 499 Var0nes 296.536 186.340 772 38.626 21 .502 1.243 14.595 8 .665 24 .546 247,10,415028.0,269429.0,792.0,50846.0,21713.0,1293.0,17920.0,8958.0,43578.0,499.0,415028.0,0.0,0.0,1,13.0,54.245 4.774 61 12.025 8 .744 417 8.367 3.502 16.272 83 Var0nes 40.081 4.653 61 8 .022 8.704 387 6.770 3.360 8 .073 51,10,54245.0,4774.0,61.0,12025.0,8744.0,417.0,8367.0,3502.0,16272.0,83.0,54245.0,0.0,0.0,1,0.6491827057451546,0.001908304981832551,0.1225122160432549,0.05231695210925528,0.0031154524514008693,0.04317780968994863,0.02158408589299999,0.10500014456855923,0.0012023285175939936,0.1748291681525102,0.19952870649691104,0.16569002573320354,0.3508172942548454,0.08800811134666789,0.001124527606230989,0.2216794174578302,0.16119458014563554,0.0076873444557102035,0.1542446308415522,0.06455894552493317,0.29997234768181397,0.001530094939625772,0.38287399760346574,0.45512028758410916,0.3759240482993824,0.9119918886533321,360783.0,264655.0,731.0,38821.0,12969.0,876.0,9553.0,5456.0,27306.0,416.0,360783.0,0.0,0.0,1.0,0.0,1.0,0.7335572906705693,0.002026148682171832,0.10760207659451804,0.03594681567590491,0.0024280523195383376,0.026478520329394677,0.01512266376187348,0.07568538428917106,0.0011530476768583885,0.14354889227042295,0.16109960835183476,0.13408059692391272,0.2664427093294307,0.25504363,0.23498197,0.30616143,0.2653621,1,1,1.0
16.0,cuenca,0.07705459,0.17983344,0.08363082,0.19148049,0.09605819,0.17697264,0.10157062,0.18596835,15.0,116.806 86 .453 273 8.421 4.302 690 3.614 1.623 9.512 1.918 Var0nes 111.580 85 .200 273 8.076 4.282 690 3.389 1.583 6.230 1.855,10,116806.0,86453.0,273.0,8421.0,4302.0,690.0,3614.0,1623.0,9512.0,1918.0,116806.0,0.0,0.0,1,15.0,8.431 895 33 1.731 1.005 109 828 458 3 .088 284 Var0nes 7.004 885 33 1.617 1.005 109 776 448 1.847 Y84,10,8431.0,895.0,33.0,1731.0,1005.0,109.0,828.0,458.0,3088.0,284.0,8431.0,0.0,0.0,1,0.7401417735390305,0.0023372087050322755,0.07209389928599558,0.036830299813365754,0.005907230792938719,0.030940191428522508,0.013894834169477595,0.08143417290207695,0.016420389363560092,0.10892419909936134,0.12872626406177765,0.10303409071451809,0.25985822646096945,0.1061558533981734,0.003914126438144941,0.2053137231645119,0.11920294152532321,0.012928478235084806,0.09820899062981853,0.054323330565769185,0.3662673466967145,0.033685209346459494,0.32451666468983514,0.3917684734906891,0.30352271379433043,0.8938441466018265,108375.0,85558.0,240.0,6690.0,3297.0,581.0,2786.0,1165.0,6424.0,1634.0,108375.0,0.0,0.0,1.0,0.0,1.0,0.7894625144175317,0.0022145328719723185,0.06173010380622837,0.030422145328719723,0.0053610149942329875,0.025707035755478662,0.01074971164936563,0.05927566320645906,0.015077277970011535,0.0921522491349481,0.10826297577854671,0.08743713956170704,0.21053748558246832,0.27303082,0.25688803,0.28753898,0.27511132,1,1,1.0
17.0,gerona,0.07966999,0.15003392,0.08481597,0.16045041,0.076123774,0.14104322,0.08253694,0.1529076,15.0,154.326 64 .036 1.169 44.979 7 .572 959 11.465 4 .995 18.022 1. 129 Var0nes 122.650 61 .215 1.149 27 .660 7 .552 949 8.082 4 .835 10.179 979Mujeres 31.676 2.821 20 17.319 20 10 3.383 110 7 .843 150,10,154326.0,64036.0,1169.0,44979.0,7572.0,959.0,11465.0,4995.0,18022.0,1129.0,154326.0,0.0,0.0,1,15.0,13.093 602 95 3.516 1.056 190 2 .007 928 4.594 105Var0nes. : 9.572 602 95 2.610 1.046 190 1.447 898 2.589 95Mujeres 3.521 - - 906 10 - 560 30 2.005 10 F14rERAS 7.537 1.093 20 2.005 535 121 1.502 424 1.746 91Var0nes 6.110 970 20 1.707 535 111 1.081 424 1.171 91Mujeres 1.427 123 - 298 - 10 421 - 575,10,13093.0,602.0,95.0,3516.0,1056.0,190.0,2007.0,928.0,4594.0,105.0,13093.0,0.0,0.0,1,0.41493980275520653,0.007574873968093516,0.2914544535593484,0.049064966369892306,0.006214118165441987,0.0742907870352371,0.032366548734497104,0.116778767025647,0.007315682386636082,0.3405194199292407,0.3791000868291798,0.36574524059458546,0.5850601972447935,0.045978767280226075,0.007255785534254946,0.26854044145726724,0.08065378446498128,0.014511571068509891,0.153288016497365,0.07087756816619567,0.3508745130986023,0.008019552432597572,0.3491942259222485,0.4345833651569541,0.42182845795463225,0.9540212327197739,141233.0,63434.0,1074.0,41463.0,6516.0,769.0,9458.0,4067.0,13428.0,1024.0,141233.0,0.0,0.0,1.0,0.0,1.0,0.44914432179448144,0.00760445504945728,0.29357869619706445,0.04613652616598104,0.005444903103382354,0.06696735182287426,0.028796386113726962,0.09507692961276755,0.007250430140264669,0.33971522236304547,0.3739565115801548,0.36054604801993867,0.5508556782055185,0.21716699,0.2297039,0.23544455,0.24526638,1,1,1.0
18.0,granada,0.09744718,0.20856714,0.10563176,0.22572485,0.11145559,0.1922298,0.12229237,0.20819516,15.0,"275.164 186.672 1.321 21 .730 8.723 667 13.815 5.846 35.652 738Var0nes 248.853 184.486 1.321 17.570 8.683 667 12.482 5.663 17.294 687Mujeres 26.311 2 .186 4.160 40 - 1.333 183 18.358 51 - 337 - 0uadr0 V111. P0b1a0ión e00nómi0amente a0tiva, 01asifi0ada según 1as 0ara0terísti0as de 10s estab1e0imient0s d0nde trabaja T0m0 11. 01asifi0a0i0nes p0r pr0vin0ias y muni0ipi0s de más de 10.000 habitantes F0nd0 d00umenta1 de1 1nstitut0 Na0i0na1 de Estadísti0a 15/41",10,275164.0,186672.0,1321.0,21730.0,8723.0,667.0,13815.0,5846.0,35652.0,738.0,275164.0,0.0,0.0,1,16.0,57.775 9 .422 56 11.992 4 .340 297 8.552 2.832 19.531 253 Var0nes 43.538 9 .242 56 9.297 4.508 297 7.548 2.674 9.363 253,10,57775.0,9422.0,56.0,11992.0,4340.0,297.0,8552.0,2832.0,19531.0,253.0,57275.0,-500.0,0.00865426222414539,1,0.6784026980273582,0.0048007733569798376,0.07897108633396811,0.03170109461993575,0.0024240089546597667,0.050206422351761135,0.02124551176752773,0.12956636769344826,0.002682036894361181,0.11067218095390385,0.13434170167609136,0.12917750868572925,0.3215973019726418,0.16308091735179575,0.0009692773691042839,0.20756382518390307,0.075118996105582,0.005140631761142362,0.14802250108178278,0.049017741237559496,0.3380527909995673,0.004379056685417568,0.2826828212894851,0.33684119428818693,0.35558632626568587,0.8369190826482042,217389.0,177250.0,1265.0,9738.0,4383.0,370.0,5263.0,3014.0,16121.0,485.0,217889.0,500.0,0.0023000243802584306,1.0,0.0,1.0,0.8153586428016137,0.00581906168205383,0.0447952748299132,0.020162013717345405,0.0017020180413912388,0.02421005662660024,0.01386454696419782,0.07415738606829232,0.002231023648850678,0.0649572885472586,0.08052385355284766,0.06900533145651344,0.18464135719838626,0.3036854,0.30601433,0.33048755,0.3313566,1,1,1.0
19.0,guadalajara,0.06962737,0.17134774,0.07709025,0.17705864,0.086148106,0.17223,0.084655404,0.17342155,17.0,78 .157 57.478 232 5.053 3.349 263 2.874 1.553 7 .052 303 Var0nes 72 .467 55.732 232 4.630 3 .339 263 2.602 1.503 3.874 292,10,78157.0,57478.0,232.0,5053.0,3349.0,263.0,2874.0,1553.0,7052.0,303.0,78157.0,0.0,0.0,1,17.0,7.200 708 1.265 813 63 996 510 2.719 126 Var0nes 5.430 688 - 1.053 813 63 875 490 1.333 115,10,7200.0,708.0,0.0,1265.0,813.0,63.0,996.0,510.0,2719.0,126.0,7200.0,0.0,0.0,1,0.7354171731258876,0.0029683841498522206,0.06465191857415203,0.04284964878385813,0.003365021687116957,0.03677213813222104,0.01987026114103663,0.09022864234809422,0.003876812057781133,0.10750156735801016,0.13073685018616374,0.10142405670637307,0.2645828268741124,0.09833333333333333,0.0,0.17569444444444443,0.11291666666666667,0.00875,0.13833333333333334,0.07083333333333333,0.3776388888888889,0.0175,0.2886111111111111,0.36819444444444444,0.3140277777777778,0.9016666666666666,70957.0,56770.0,232.0,3788.0,2536.0,200.0,1878.0,1043.0,4333.0,177.0,70957.0,0.0,0.0,1.0,0.0,1.0,0.8000620093859662,0.0032695858054878307,0.05338444409994786,0.0357399551841256,0.0028186084530067504,0.026466733373733387,0.014699043082430203,0.06106515213439125,0.0024944684809109744,0.08912439928407345,0.1066420508195104,0.07985117747368124,0.19993799061403383,0.25837812,0.24097511,0.25807697,0.2541489,1,1,1.0
20.0,guipuzcoa,0.09711515,0.18110988,0.10337623,0.19326691,0.101260684,0.16809429,0.111793354,0.18594047,17.0,153 .662 31.238 665 62 246 8 .159 1 988 12.741 7.498 28 .613 1.514 Var0nes 120 .894 29 .577 655 50.512 8.068 978 9.734 6.959 13.141 1.270,10,153662.0,31238.0,665.0,62246.0,8159.0,988.0,12741.0,7498.0,28613.0,1514.0,153662.0,0.0,0.0,1,17.0,48.967 3.327 90 14.308 3.987 482 7.840 3.085 15.494 354Var0nes 33.519 3.082 90 10.380 3.905 482 5.973 2.861 6.525 221Mujeres 15.448 245 - 3.928 82 1.867 224 8 .969 133 É1BAR 6 .819 460 10 4.804 318 - 381 119 677 50 Var0nes 5.666 357 10 4.217 308 - 268 119 337 50,10,48967.0,3327.0,90.0,14308.0,3987.0,482.0,7840.0,3085.0,15494.0,354.0,48967.0,0.0,0.0,1,0.20329033853522666,0.004327680233239187,0.4050838854108368,0.0530970571774414,0.006429696346526793,0.08291575015293307,0.04879540810349989,0.18620739024612462,0.009852793794171623,0.4581809425882782,0.5134060470383048,0.48799963556376985,0.7967096614647733,0.06794371719729614,0.0018379725120999857,0.2921967855902955,0.08142218228602936,0.009843363898135478,0.16010782772070986,0.06300161333142729,0.3164171789164131,0.007229358547593277,0.37361896787632487,0.44646394510588766,0.45230461331100535,0.9320562828027039,104695.0,27911.0,575.0,47938.0,4172.0,506.0,4901.0,4413.0,13119.0,1160.0,104695.0,0.0,0.0,1.0,0.0,1.0,0.26659343808204783,0.0054921438464110035,0.45788242036391424,0.03984908543865514,0.004833086584841683,0.046812168680452744,0.04215101007689001,0.12530684368881034,0.011079803237976981,0.49773150580256936,0.5447156024643011,0.5046945890443669,0.7334065619179522,0.26935497,0.27822503,0.29773384,0.29664314,1,1,1.0
21.0,huelva,0.09540693,0.17714618,0.10544195,0.19197676,0.092599854,0.1657157,0.10271037,0.18546201,18.0,135.097 71.753 13.254 14.186 3.774 330 6.843 5 .104 18.854 999 Var0nes 120.381 69.923 13.014 11.865 3.764 320 6.073 4 .934 9.489 999,10,135097.0,71753.0,13254.0,14186.0,3774.0,330.0,6843.0,5104.0,18854.0,999.0,135097.0,0.0,0.0,1,18.0,22.885 3.492 1.485 3.162 1.962 134 3.175 2 .691 6.765 19 Var0nes 18.535 3.454 1.454 2.641 1.962 124 2.871 2 .603 3.407 19,10,22885.0,3492.0,1485.0,3162.0,1962.0,134.0,3175.0,2691.0,6765.0,19.0,22885.0,0.0,0.0,1,0.5311220826517243,0.09810728587607423,0.10500603270242863,0.02793548339341362,0.002442689326928059,0.050652494133844574,0.037780261589820646,0.13955898354515645,0.007394686780609488,0.13294151609584226,0.17316446701259094,0.1556585268362732,0.46887791734827566,0.15258903211710728,0.06488966571990387,0.1381691064015731,0.08573301289053965,0.005855363775398733,0.13873716408127595,0.11758793969849246,0.29560847716845096,0.0008302381472580293,0.22390211929211273,0.34734542276600394,0.27690627048284905,0.8474109678828927,112212.0,68261.0,11769.0,11024.0,1812.0,196.0,3668.0,2413.0,12089.0,980.0,112212.0,0.0,0.0,1.0,0.0,1.0,0.6083217481196307,0.10488183082023313,0.09824261219833885,0.016148005560902578,0.0017466937582433252,0.032688126047125086,0.021503938972658895,0.10773357573165081,0.008733468791216626,0.11439061775924143,0.13764125049014367,0.13093073824546395,0.3916782518803693,0.25831556,0.27255312,0.2881724,0.2974187,1,1,1.0
22.0,huesca,0.07142596,0.15108249,0.07123646,0.15809347,0.08027733,0.1522049,0.073993236,0.14499575,19.0,101.496 67 .021 523 9.364 4.114 553 4.457 2 .163 11.212 2.089 Var0nes 93.463 64 .753 513 8.834 4.094 533 3 .817 2 .093 6.835 1.991,10,101496.0,67021.0,523.0,9364.0,4114.0,553.0,4457.0,2163.0,11212.0,2089.0,101496.0,0.0,0.0,1,19.0,8.718 1.210 - 1.403 743 43 1.049 421 3.482 367 Var0nes 6.871 1.200 -- 1.308 733 33 868 383 2.008 338,10,8718.0,1210.0,0.0,1403.0,743.0,43.0,1049.0,421.0,3482.0,367.0,8718.0,0.0,0.0,1,0.6603314416331678,0.005152912430046504,0.0922597934893986,0.04053361708835816,0.005448490580909592,0.04391306061322614,0.02131118467722866,0.11046740758256483,0.020582091905099707,0.13279341057775676,0.159553085835895,0.13617285410262472,0.3396685583668322,0.13879330121587521,0.0,0.16093140628584537,0.08522596925900436,0.0049323239275063085,0.12032576278963066,0.048290892406515254,0.3994035329203946,0.04209681119522826,0.24615737554484973,0.2993805918788713,0.28125716907547604,0.8612066987841248,92778.0,65811.0,523.0,7961.0,3371.0,510.0,3408.0,1742.0,7730.0,1722.0,92778.0,0.0,0.0,1.0,0.0,1.0,0.7093384207462976,0.005637112246437733,0.08580698010304166,0.03633404470887495,0.0054969928215740805,0.0367328461488715,0.018776002931729506,0.08331716570738752,0.018560434585785424,0.12214102481191662,0.1464140205652202,0.12253982625191318,0.2906615792537024,0.23248222,0.22250845,0.21898898,0.22932993,1,1,1.0
23.0,jaen,0.09661577,0.21198668,0.10376492,0.2254237,0.10992378,0.19275093,0.1189269,0.20488234,19.0,257.255 176.963 6.737 19.531 9.999 1.264 10.765 5.554 25.924 518 Var0nes 240.728 174.812 6.637 17.719 9.949 1.264 10.198 5.423 14.218 508,10,257255.0,176963.0,6737.0,19531.0,9999.0,1264.0,10765.0,5554.0,25924.0,518.0,257255.0,0.0,0.0,1,19.0,21.314 6.613 . 42 3.074 1.861 146 2.151 779 6.648 var0nes 17.774 6 .500 42 2.704 1.851 146 2.038 728 3.765,10,21314.0,6613.0,42.0,3074.0,1861.0,146.0,2151.0,779.0,6648.0,0.0,21314.0,0.0,0.0,1,0.6878894482128627,0.02618802355639346,0.07592077899360557,0.03886804921187149,0.004913412761656722,0.04184563954053371,0.021589473479621386,0.10077160793764942,0.0020135663058055238,0.11478882820547706,0.14129171444675517,0.11776641853413927,0.3121105517871373,0.310265553157549,0.001970535798066998,0.14422445341090362,0.08731350286196866,0.0068499577742328985,0.10091958337243126,0.036548747302242654,0.31190766632260486,0.0,0.2315379562728723,0.27493666134934786,0.2451440367833349,0.689734446842451,235941.0,170350.0,6695.0,16457.0,8138.0,1118.0,8614.0,4775.0,19276.0,518.0,235941.0,0.0,0.0,1.0,0.0,1.0,0.7220025345319381,0.028375738002297184,0.06975048846957502,0.0344916737658991,0.004738472753781666,0.03650912728182046,0.02023811037505139,0.08169839069936975,0.002195464120267355,0.10424216223547413,0.1292187453643072,0.10625961575139548,0.2779974654680619,0.3026747,0.30860245,0.32380924,0.32918862,1,1,1.0
24.0,leon,0.074740335,0.1802218,0.08050819,0.19146435,0.09782906,0.18679342,0.10498472,0.20291346,21.0,193.589 114.452 20 .229 13.931 7 .810 1.187 8.204 8 .23f 18.591 954 Var0nes 175.581 107.736 19.819 12.851 7.780 1.177 7.394 7.901 9 .991 932,10,193589.0,114452.0,20229.0,13931.0,7810.0,1187.0,8204.0,8231.0,18591.0,954.0,193589.0,0.0,0.0,1,21.0,21.032- 689 219 3.613 2 .277 282 2.919 2 .867 7.748 418 Var0nes 16.340 679 - 219 3.113 2 .267 - 282 2.549 2.727 4 .086 418,10,21032.0,689.0,219.0,3613.0,2277.0,282.0,2919.0,2867.0,7748.0,418.0,21032.0,0.0,0.0,1,0.5912112775002712,0.10449457355531565,0.07196173336294934,0.04034320131825672,0.006131546730444395,0.04237844092381282,0.04251791165820372,0.09603334900226769,0.0049279659484784775,0.11230493468120606,0.16095439306985418,0.11434017428676216,0.40878872249972875,0.032759604412324075,0.010412704450361354,0.17178585013313047,0.10826359832635983,0.013408139977177633,0.13878851274248763,0.1363160897679726,0.3683910232027387,0.0198744769874477,0.2800494484594903,0.4297736782046406,0.3105743628756181,0.9672403955876759,172557.0,113763.0,20010.0,10318.0,5533.0,905.0,5285.0,5364.0,10843.0,536.0,172557.0,0.0,0.0,1.0,0.0,1.0,0.6592778038561171,0.11596168222674247,0.05979473449352968,0.03206476700452604,0.005244643798860666,0.030627560748042675,0.031085380482970843,0.06283720741552067,0.003106219973689853,0.09185950149805572,0.12818952577988724,0.09042229524157235,0.3407221961438829,0.2846225,0.25496215,0.3078982,0.27197254,1,1,1.0
25.0,lleida,0.07501473,0.1613969,0.07794231,0.16846782,0.08210848,0.15337233,0.08233963,0.15947942,21.0,1 136.654 82 .622 1.839 16.943 8.128 1.562 7.508 4.748 13.175 129 Var0nes 125.097 81 .056 1.839 14.387 8.108 1.562 6.368 4.618 7.119 40,10,136654.0,82622.0,1839.0,16943.0,8128.0,1562.0,7508.0,4748.0,13175.0,129.0,136654.0,0.0,0.0,1,21.0,21.365 4.245 199 3.928 2.595 219 3 .032 2.195 4.942 10 Var0nes 17.985 4 .225 199 3.470 2.585 219 2 .565 2 .127 2 .595,10,21365.0,4245.0,199.0,3928.0,2595.0,219.0,3032.0,2195.0,4942.0,10.0,21365.0,0.0,0.0,1,0.6046072562822896,0.013457344827081535,0.12398466199306277,0.05947868339016787,0.011430327688907753,0.05494167752133124,0.03474468365360692,0.09641137471277826,0.0009439899307740718,0.18346334538323064,0.2296383567257453,0.17892633951439402,0.3953927437177104,0.19868944535455182,0.0093142990872923,0.18385209454715656,0.12146033231921367,0.010250409548326702,0.14191434589281535,0.10273812309852563,0.23131289492160076,0.000468055230517201,0.3053124268663702,0.41830095951322255,0.32576644043997194,0.8013105546454482,115289.0,78377.0,1640.0,13015.0,5533.0,1343.0,4476.0,2553.0,8233.0,119.0,115289.0,0.0,0.0,1.0,0.0,1.0,0.6798306863620988,0.01422512121711525,0.1128902150248506,0.047992436398962605,0.011648986460113281,0.03882417229744382,0.022144350284936117,0.07141184328079869,0.0010321886736809236,0.1608826514238132,0.19467598816886258,0.15171438732229442,0.32016931363790124,0.23548082,0.23641163,0.24181905,0.24641013,1,1,1.0
26.0,logrono,0.076228954,0.1612963,0.08105681,0.17359696,0.080995336,0.16272607,0.09361133,0.17607594,,OCR omission in Cuadro VIII,10,86810.0,46818.0,311.0,15763.0,2839.0,467.0,4529.0,2149.0,12162.0,1772.0,86810.0,0.0,0.0,1,22.0,19.558 1.647 42 6 .112 1.381 170 1.990 921 6.240 .055 Var0nes 14.881 1.637 32 4.252 1.371 170 1.701 861 3.862 995,10,19558.0,1647.0,42.0,6112.0,1381.0,170.0,2990.0,921.0,6240.0,55.0,19558.0,0.0,0.0,1,0.5393157470337518,0.003582536574127405,0.1815804630802903,0.03270360557539454,0.005379564566294206,0.05217140882386822,0.024755212533118305,0.1400990669277733,0.02041239488538187,0.21428406865568483,0.24441884575509734,0.2337518719041585,0.46068425296624815,0.08421106452602516,0.0021474588403722263,0.3125063912465487,0.07061049187033439,0.008692095306268535,0.15287861744554657,0.047090704571019534,0.31905102771244503,0.00281214848143982,0.38311688311688313,0.4388996829941712,0.4653850086920953,0.9157889354739749,67252.0,45171.0,269.0,9651.0,1458.0,297.0,1539.0,1228.0,5922.0,1717.0,67252.0,0.0,0.0,1.0,0.0,1.0,0.6716677570927259,0.003999881044429905,0.1435050258728365,0.021679652649735325,0.004416225539760899,0.02288407779694284,0.018259680009516447,0.0880568607625052,0.025530839231547017,0.16518467852257182,0.18786058407184916,0.16638910366977933,0.32833224290727414,0.24372141,0.23752525,0.26968727,0.25465378,1,1,1.0
27.0,lugo,0.06091517,0.14088783,0.06383582,0.15485813,0.06917273,0.15506712,0.07611446,0.16626489,22.0,250.878 209.107 184 11.310 4.582 255 6.813 3 .776 14.342 509 Var0ne=s 176.280 145.733 184 8.461 4.572 255 5.450 3 .614 7 .573 438,10,250878.0,209107.0,184.0,11310.0,4582.0,255.0,6813.0,3776.0,14342.0,509.0,250878.0,0.0,0.0,1,22.0,Var0nes . . . . . . . . . . . . . . . 22.810 15.934 5.690 42 42 2.860 2.030 2.33 9 2.329 1 126 2 .072 862 2.682 106,10,22810.0,8758.0,42.0,2860.0,2334.0,126.0,2518.0,953.0,5113.0,106.0,22810.0,0.0,0.0,1,0.8335007453822176,0.0007334242141598705,0.04508167316384856,0.018263857333046342,0.0010164302967976466,0.027156625929734772,0.015051140394932995,0.05716722869283078,0.002028874592431381,0.06334553049689491,0.07941310118862555,0.07223829909358334,0.16649925461778237,0.38395440596229724,0.001841297676457694,0.12538360368259535,0.10232354230600614,0.005523893029373082,0.11039017974572556,0.04177992108724244,0.22415607189829023,0.004647084612012275,0.22770714598860148,0.27501096010521703,0.23577378342832092,0.6160455940377028,228068.0,200349.0,142.0,8450.0,2248.0,129.0,4295.0,2823.0,9229.0,403.0,228068.0,0.0,0.0,1.0,0.0,1.0,0.8784616868653209,0.0006226213234649316,0.03705035340337092,0.009856709402458915,0.0005656207797674378,0.018832102706210427,0.012377887296771138,0.04046600136801305,0.0017670168546223056,0.04690706280582984,0.05985057088236841,0.055882456109581355,0.12153831313467911,0.22423986,0.201803,0.24237935,0.21869394,1,1,1.0
28.0,madrid,0.09506479,0.16862972,0.109111555,0.19367048,0.08899262,0.14705795,0.10188311,0.16558218,23.0,"761.717 1. 69 .348 2.838 152.534 76.605 8 .962 92.992 59 .519 245.139 53 .780 Var0nes 586.218 1, 68 .183 2 .749 126.848 75.956 8.504 80.909 53 .981 121.091 47.997",10,761717.0,69348.0,2838.0,152534.0,76605.0,8962.0,92992.0,59519.0,245139.0,53780.0,761717.0,0.0,0.0,1,23.0,645.257 12.929 1.046 137.418 65.911 8 .347 89.063 54 .325 230.124 46.094 Var0nes 479.067 12.686 997 113.159 65.346 7.899 77.416 48 .930 112.062 40.572,10,645257.0,12929.0,1046.0,137418.0,65911.0,8347.0,89063.0,54325.0,230124.0,46094.0,645257.0,0.0,0.0,1,0.0910416860855147,0.0037257931751556025,0.20025022416461757,0.10056884643509335,0.011765524466435697,0.12208208560397103,0.07813794361948073,0.32182424706288554,0.07060364938684577,0.3008190705997109,0.39072253868562734,0.3223323097685886,0.9089583139144853,0.02003697751438574,0.0016210595158208279,0.21296630644843836,0.10214689650790305,0.012935930954642879,0.13802717366878622,0.0841912602265454,0.35663929256094856,0.07143510260252892,0.31511320295634143,0.4122403941375297,0.3509934801172246,0.9799630224856143,116460.0,56419.0,1792.0,15116.0,10694.0,615.0,3929.0,5194.0,15015.0,7686.0,116460.0,0.0,0.0,1.0,0.0,1.0,0.4844495964279581,0.015387257427442898,0.12979563798729177,0.09182551949167096,0.005280783101494075,0.03373690537523613,0.04459900394985403,0.12892838742916024,0.06599690880989181,0.22162115747896274,0.2715009445303108,0.1635325433625279,0.515550403572042,0.23605058,0.26369452,0.2674653,0.30278203,1,1,1.0
29.0,malaga,0.10645356,0.19426617,0.11361368,0.21304649,,,,,24.0,1 262.102 145 268 131 30.022 12 025 1 1 048 18.141 13.599 41.580 288 Var0nes 231.262 143 339 121 25.551 11.996 1.008 16.014 1 13.164 19.820 249,10,262102.0,145268.0,131.0,30022.0,12025.0,1048.0,18141.0,13599.0,41580.0,288.0,262102.0,0.0,0.0,1,24.0,99.455 17.761 30 20 .593 9.468 1 725 13.133 10.355 27.208 182 153 78.347 ) 17.398 20 17.017 9.439 685 11.791 10.032 11.812 29Var0nes 1,10,99455.0,17761.0,30.0,20593.0,9468.0,1.0,725.0,13133.0,10355.0,27208.0,99274.0,-181.0,0.0018199185561309135,1,0.5542422415700757,0.0004998054192642559,0.11454319310802664,0.04587908524162349,0.003998443354114047,0.06921351229673944,0.051884380889882564,0.15864052925960123,0.0010988088606725627,0.16042227834965014,0.21630510259364674,0.18375670540476607,0.44575775842992427,0.17858327886984063,0.0003016439595797094,0.2070584686541652,0.0951988336433563,1.005479865265698e-05,0.007289729023176311,0.13204967070534412,0.10411744004826304,0.27357096174149115,0.3022573022975215,0.43431702780151826,0.2143481976773415,0.8214167211301594,162647.0,127507.0,101.0,9429.0,2557.0,1047.0,17416.0,466.0,31225.0,-26920.0,162828.0,181.0,0.0011128394621480876,0.0,0.0,0.0,0.7839492889509182,0.0006209767164472754,0.05797217286516198,0.01572116300946221,0.0064372536843593795,0.10707851973906682,0.002865100493707231,0.19198017793134825,-0.16551181392832331,0.07369333587462419,0.0829956900526908,0.16505069260422878,0.2160507110490818,,0.30071974,,0.32666016,1,1,0.0
30.0,murcia,0.102971114,0.19083455,0.113032706,0.20386909,0.10388403,0.177752,0.108845115,0.19512834,25.0,272.393 161.497 3 .955 35 363 10.405 475 14.743 8 .149 32.234 5.572 Var0nes 244.824 156 348 3 .934 28.862 10 353 465 13.448 7.834 18.068 5.512,10,272393.0,161497.0,3955.0,35363.0,10405.0,475.0,14743.0,8149.0,32234.0,5572.0,272393.0,0.0,0.0,1,25.0,78.126 42.362 123 10.841 2 .989 133 6 810 2 .930 11.535 403 Var0nes 68.006 40.705 123 8.360 2 .979 123 6.101 2.732 6 .512 371,10,78126.0,42362.0,123.0,10841.0,2989.0,133.0,6810.0,2930.0,11535.0,403.0,78126.0,0.0,0.0,1,0.5928823427914814,0.014519462688101384,0.1298234536129783,0.03819848527678758,0.0017438039890892937,0.05412400465503886,0.02991633412018664,0.11833637428274589,0.02045573858359062,0.16802193888976588,0.19968207699904184,0.18394745826801717,0.40711765720851856,0.5422266594987584,0.0015743798479379463,0.13876302383329495,0.03825871028850831,0.0017023782095589176,0.08716688426388142,0.037503519954944574,0.14764611012979034,0.005158333973325141,0.17702173412180325,0.21622763228630673,0.22592990809717636,0.45777334050124163,194267.0,119135.0,3832.0,24522.0,7416.0,342.0,7933.0,5219.0,20699.0,5169.0,194267.0,0.0,0.0,1.0,0.0,1.0,0.6132539237235352,0.019725429434747022,0.1262283352293493,0.03817426531526198,0.001760463691723247,0.0408355510714635,0.02686508774006908,0.10654923378648973,0.026607710007361004,0.16440260054461128,0.1930281519764036,0.1670638863008128,0.38674607627646485,0.28163603,0.29380566,0.30397344,0.3169018,1,1,1.0
31.0,navarra,0.08661766,0.1718206,0.091992535,0.18583052,0.088901155,0.17513685,0.09670729,0.1896248,26.0,"¡ 151 .380 11,, 81 .304 445 22 726 7 .533 748 7 .427 1 4 .487 23 .732 2 .97 8 2 .72 0 Var0nes 132 .005 78 .57611 445 19 .373 7 .533 748 6 .077 ¡ 4 .368 2 .16 5 . . . . . . . . . . . . . . . 1.350 119 11 .567 25 8",10,151380.0,81304.0,445.0,22726.0,7533.0,748.0,7427.0,4487.0,23732.0,2978.0,151380.0,0.0,0.0,1,27.0,30.620 949 83 8 .651 2.858 240 3.685 1.529 12.079 546 Var0nes 21.202 949 83 6.769 2.858 240 2.972 1.460 5.454 417,10,30620.0,949.0,83.0,8651.0,2858.0,240.0,3685.0,1529.0,12079.0,546.0,30620.0,0.0,0.0,1,0.5370854802483815,0.002939622142951513,0.15012551195666535,0.04976218787158145,0.00494120755714097,0.04906196327123794,0.029640639450389746,0.1567710397674726,0.019672347734178888,0.1998876998282468,0.2344695468357775,0.19918747522790328,0.46291451975161846,0.03099281515349445,0.0027106466361855,0.282527759634226,0.09333768778576094,0.007838014369693011,0.12034617896799478,0.04993468321358589,0.39448073154800783,0.0178314826910516,0.37586544741998695,0.43363814500326586,0.40287393860222076,0.9690071848465055,120760.0,80355.0,362.0,14075.0,4675.0,508.0,3742.0,2958.0,11653.0,2432.0,120760.0,0.0,0.0,1.0,0.0,1.0,0.6654107320304736,0.0029976813514408745,0.11655349453461411,0.03871315004968533,0.0042066909572706195,0.030987081815170587,0.024494865849619078,0.0964971844981782,0.020139118913547534,0.15526664458429942,0.18396820139118913,0.1475405763497847,0.33458926796952637,0.264038,0.25843826,0.2863321,0.27782306,1,1,1.0
32.0,ourense,0.06320362,0.13900363,0.06958917,0.15418041,0.0678392,0.157444,0.07951345,0.18787181,27.0,196.867 159.422 91 8.540 6 .143 153 5.493 1.703 14.776 546 Var0nes 160.114 131.253 91 7.491 6 .093 153 4.770 1.663 8.236 364,10,196867.0,159422.0,91.0,8540.0,6143.0,153.0,5493.0,1703.0,14776.0,546.0,196867.0,0.0,0.0,1,27.0,22189 5.693 20 3 .803 2 .991 79 2.452 945 6.158 48 Var0nes 17.192 4.868 20 3.137 2 .951 79 2.154 925 3 .010 48 -,10,22189.0,5693.0,20.0,3803.0,2991.0,79.0,2452.0,945.0,6158.0,48.0,22189.0,0.0,0.0,1,0.8097954456562044,0.0004622410053487888,0.04337954050196326,0.031203807646786916,0.0007771744375644471,0.027902086180009854,0.008650510242955904,0.07505574829707366,0.0027734460320927327,0.07458334814875017,0.08401103282927053,0.0712816266819731,0.19020455434379557,0.2565685700121682,0.0009013475145342286,0.17139122988868358,0.1347965207985939,0.0035603226824102033,0.11050520528189643,0.04258867006174231,0.277524899725089,0.002163234034882149,0.3061877506872775,0.35233674343143,0.28189643517058,0.7434314299878317,174678.0,153729.0,71.0,4737.0,3152.0,74.0,3041.0,758.0,8618.0,498.0,174678.0,0.0,0.0,1.0,0.0,1.0,0.8800707587675609,0.00040646217611834345,0.02711846941229004,0.01804463069190167,0.000423636634264189,0.01740917574050539,0.004339413091516963,0.04933649343363217,0.002850960052210353,0.045163100104191715,0.049926149829972864,0.04452764515279543,0.11992924123243909,0.2252832,0.20220725,0.26738527,0.22376958,1,1,1.0
33.0,asturias,0.07411053,0.1613549,0.08353149,0.17887993,0.08772129,0.16927242,0.097321145,0.188058,27.0,355.071 153.940 56.151 43 .156 26 .278 1.731 17.152 16.760 37 .604 2.299 Var0nes 293.918 120.617 55.255 39 .663 26 .072 1.680 14.503 16.338 18.162 1.628,10,355071.0,153940.0,56151.0,43156.0,26278.0,1731.0,17152.0,16760.0,37604.0,2299.0,355071.0,0.0,0.0,1,27.0,37.679 1.900 2.164 8 .315 6.313 425 4.676 2 .947 10.702 237 Var0nes 30.912 1.731 2.101 7 .851 6 250 414 4.138 2 .831 5 .412 184,10,37679.0,1900.0,2164.0,8315.0,6313.0,425.0,4676.0,2947.0,10702.0,237.0,37679.0,0.0,0.0,1,0.4335470933982218,0.15814020294532644,0.12154188880533752,0.0740077336645347,0.004875081321763816,0.0483058317913882,0.04720182724018577,0.10590557944749078,0.006474761385751019,0.19554962246987223,0.2476265310318218,0.16984772059672573,0.5664529066017783,0.050425966718861966,0.05743252209453542,0.22067995435123014,0.1675469094190398,0.011279492555534914,0.12410095809336766,0.07821332837920326,0.28403089253961095,0.00628997584861594,0.38822686377026994,0.4777196847050081,0.3447809124445978,0.949574033281138,317392.0,152040.0,53987.0,34841.0,19965.0,1306.0,12476.0,13813.0,26902.0,2062.0,317392.0,0.0,0.0,1.0,0.0,1.0,0.47902908705953523,0.17009565458486667,0.10977277310077128,0.06290328678731663,0.004114785501839996,0.03930785905126783,0.04352031557191108,0.08475954025306245,0.006496698089428845,0.17267605988808793,0.22031116096183898,0.14908063215203912,0.5209709129404647,0.2569937,0.23546544,0.28537914,0.26241142,1,1,1.0
34.0,palencia,0.06942687,0.17629403,0.07992649,0.19428796,0.09799835,0.20397608,0.10325409,0.20729007,29.0,80.033 44 .023 3 780 10.113 3.197 323 4.35 7 3 454 10.119 667 Var0nes 72.725 43 069 3.i 12 8.783 3.187 313 3.813 3.341 5.840 667Mujeres 7.308 954 68 1.330 10 10 544 113 4.279 -,10,80033.0,44023.0,3780.0,10113.0,3197.0,323.0,4357.0,3454.0,10119.0,667.0,80033.0,0.0,0.0,1,29.0,13.503 954 19 3.787 1.242 96 1.650 808 4.765 182 Var0nes 10.648 954 19 3.018 1.242 86 1.375 745 3.027 182,10,13503.0,954.0,19.0,3787.0,1242.0,96.0,1650.0,808.0,4765.0,182.0,13503.0,0.0,0.0,1,0.550060600002499,0.04723051741156773,0.12636037634475777,0.039946022265815354,0.004035835217972586,0.054440043482063646,0.043157197655966914,0.12643534542001425,0.008334062199342771,0.16630639861057314,0.21349943148451264,0.18080041982682143,0.449939399997501,0.07065096645189958,0.0014070947196919202,0.28045619491964746,0.09197956009775606,0.007109531215285492,0.12219506776271939,0.05983855439531956,0.35288454417536846,0.01347848626231208,0.37243575501740356,0.4393838406280086,0.4026512626823669,0.9293490335481004,66530.0,43069.0,3761.0,6326.0,1955.0,227.0,2707.0,2646.0,5354.0,485.0,66530.0,0.0,0.0,1.0,0.0,1.0,0.6473620922891928,0.05653088832105817,0.09508492409439351,0.029385239741470014,0.00341199458890726,0.04068841124304825,0.03977153163986172,0.08047497369607695,0.007289944385991282,0.12447016383586353,0.1676536900646325,0.13577333533744176,0.35263790771080716,0.30197442,0.2457209,0.31054416,0.27421445,1,1,1.0
35.0,laspalmas,0.1262895,0.22155815,0.13426073,0.23079246,0.11767007,0.20698506,0.120250255,0.22076681,29.0,130.783 04 207 633 14.807 12.429 1.493 13 548 5.845 17.475 346 1Var0nes 114.334 58 .206 623 12 685 12.358 1.493 11.914 5.754 10.965 336 1Mujeres 16.449 6 .001 10 2 122 71 1 634 91 6.510 10 Z0na urbana 50.374 8 .185 20 10.642 6.219 356 8.641 3.700 12.502 09Var0nes 43.236 7 .850,10,130783.0,64207.0,633.0,14807.0,12429.0,1493.0,13548.0,5845.0,17475.0,346.0,130783.0,0.0,0.0,1,29.0,PALMAS (LAS ) T0ta1 pr0vin0ia1 130.783 04 207 633 14.807 12.429 1.493 13 548 5.845 17.475 346 1Var0nes 114.334 58 .206 623 12 685 12.358 1.493 11.914 5.754 10.965 336 1Mujeres 16.449 6 .001 10 2 122 71 1 634 91 6.510 10,10,53492.0,10696.0,29.0,10468.0,6539.0,439.0,8639.0,3838.0,12707.0,137.0,53492.0,0.0,0.0,1,0.49094301247103983,0.004840078603488221,0.11321807880229082,0.09503528746090853,0.01141585680096037,0.10359144537134031,0.044692352981656636,0.13361828372189047,0.0026456037864248413,0.20825336626319935,0.26436157604581634,0.21680952417363114,0.5090569875289601,0.19995513347790322,0.0005421371420025425,0.19569281387871085,0.12224257832946983,0.008206834666866074,0.16150078516413668,0.07174904658640545,0.2375495401181485,0.0025611306363568383,0.3179353922081807,0.3978912734614522,0.35719359904284753,0.8000448665220967,77291.0,53511.0,604.0,4339.0,5890.0,1054.0,4909.0,2007.0,4768.0,209.0,77291.0,0.0,0.0,1.0,0.0,1.0,0.6923315780621289,0.00781462265981809,0.056138489604223005,0.07620550905021284,0.013636775303722296,0.06351321628650167,0.02596680079181276,0.061688941791411676,0.0027040664501688425,0.13234399865443583,0.17194757474997088,0.11965170589072466,0.30766842193787114,0.32465512,0.34784764,0.34101707,0.36505318,1,1,1.0
36.0,pontevedra,0.087754,0.16935077,0.101604424,0.1929066,0.08554593,0.16929261,0.10324,0.20883548,30.0,290.611 188.788 653 33.792 17.877 868 30 717 7.119 29.004 1.793 Var0nes 198.656 120.809 623 26.603 17.735 838 9.032 6.825 14.854 1.337,10,290611.0,188788.0,653.0,33792.0,17877.0,868.0,10717.0,7119.0,29004.0,1793.0,290611.0,0.0,0.0,1,30.0,16.975 5.33.3 10 3.026 2.389 52 1.099 528 4 .508 30 Var0nes 12.641 3.269 10 2.772 2.379 52 952 528 2 .659 20,10,16975.0,5333.0,10.0,3026.0,2389.0,52.0,1099.0,528.0,4508.0,30.0,16975.0,0.0,0.0,1,0.6496244120146863,0.002246989962527227,0.11627914979130177,0.06151522137840618,0.0029868105474328225,0.03687747538806171,0.02449666392531597,0.09980351741675297,0.006169759575515035,0.17779437116970795,0.20527784564245674,0.1531566251793635,0.35037558798531365,0.3141678939617084,0.000589101620029455,0.1782621502209131,0.14073637702503683,0.0030633284241531663,0.06474226804123712,0.031104565537555227,0.2655670103092784,0.0017673048600883653,0.3189985272459499,0.35316642120765834,0.24300441826215022,0.6858321060382916,273636.0,183455.0,643.0,30766.0,15488.0,816.0,9618.0,6591.0,24496.0,1763.0,273636.0,0.0,0.0,1.0,0.0,1.0,0.6704344457600608,0.002349837009750179,0.1124340364571913,0.05660073966875703,0.002982063763539885,0.03514888391878262,0.02408674297241591,0.08952038474469734,0.0064428657048049235,0.16903477612594833,0.19610358286190413,0.14758292037597392,0.32956555423993916,0.25483853,0.25710478,0.3120755,0.29451102,1,1,1.0
37.0,salamanca,0.077411376,0.17701198,0.08189316,0.18852928,0.09235701,0.18316896,0.10074052,0.18853194,32.0,141.905 82.236 971 16.799 7.350 421 7 .237 4.024 20 .938 1.929 Var0nes 126.808 80.754 961 14.020 7.309 421 6 .448 3.871 11.198 1.826,10,141905.0,82236.0,971.0,16799.0,7350.0,421.0,7237.0,4024.0,20938.0,1929.0,141905.0,0.0,0.0,1,32.0,28.215 1.433 158 5.280 3.445 158 3.984 2 .225 10.640 892 Var0nes 21.423 1.391 148 4.381 3.414 158 3.493 2 .141 5.468 329,10,28215.0,1433.0,158.0,5280.0,3445.0,158.0,3984.0,2225.0,10640.0,892.0,28215.0,0.0,0.0,1,0.5795144639019062,0.006842605968781931,0.11838201613755682,0.05179521510869948,0.0029667735456819703,0.05099890771995349,0.028356999401007717,0.1475494168633945,0.013593601353017864,0.1701772312462563,0.20150100419294598,0.1693809238575103,0.4204855360980938,0.0507885876306929,0.0055998582314371785,0.1871345029239766,0.12209817472975368,0.0055998582314371785,0.14120148856990963,0.07885876306928938,0.3771043771043771,0.03161438950912635,0.3092326776537303,0.39369129895445687,0.3283359914938862,0.9492114123693071,113690.0,80803.0,813.0,11519.0,3905.0,263.0,3253.0,1799.0,10298.0,1037.0,113690.0,0.0,0.0,1.0,0.0,1.0,0.7107309349986807,0.00715102471633389,0.10131937725393614,0.03434778784413757,0.002313308118568036,0.028612894713695138,0.015823731198874133,0.09057964640689595,0.009121294748878529,0.13566716509807372,0.15380420441551587,0.12993227196763127,0.2892690650013193,0.275526,0.25442335,0.28927246,0.27042246,1,1,1.0
38.0,santa cruz de tenerife,0.10834189,0.19817571,0.11799008,0.20977412,0.092927404,0.17680596,0.10474079,0.19478172,32.0,141.139 80 .618 122 13.400 11.970 341 9.377 7.468 17.149 694 Var0nes 123.452 75.555 122 10.942 11.920 311 8.005 7 .286 8.637 674,10,141139.0,80618.0,122.0,13400.0,11970.0,341.0,9377.0,7468.0,17149.0,694.0,141139.0,0.0,0.0,1,32.0,37.449 5.307 - 7.365 5 .680 228 4 .945 4 .607 8.793 524 Var0nes 29.975 4.907 - 5.431 5 .649 197 4.240 4 .502 4.546 503,10,37449.0,5307.0,0.0,7365.0,5680.0,228.0,4945.0,4607.0,8793.0,524.0,37449.0,0.0,0.0,1,0.5711957715443641,0.0008643960917960309,0.09494186582021978,0.08481000999015155,0.002416057928708578,0.06643805043255231,0.05291237716010458,0.12150433260827978,0.004917138423823323,0.17975187581037133,0.2350803108991845,0.1613799162527721,0.4288042284556359,0.14171272931186413,0.0,0.19666746775614835,0.1516729418676066,0.0060882800608828,0.13204624956607652,0.123020641405645,0.23479932708483536,0.013992362946941173,0.34834040962375495,0.47744933109028276,0.3287137173222249,0.8582872706881359,103690.0,75311.0,122.0,6035.0,6290.0,113.0,4432.0,2861.0,8356.0,170.0,103690.0,0.0,0.0,1.0,0.0,1.0,0.7263091908573633,0.001176584048606423,0.058202333879834124,0.06066158742405246,0.0010897868646928344,0.0427427910116694,0.027591860352975214,0.08058636319799402,0.0016395023628122288,0.11886392130388658,0.14754556852155462,0.10094512489150352,0.27369080914263666,0.26973337,0.3065176,0.29952252,0.3277642,1,1,1.0
39.0,cantabria,0.08234887,0.17415608,0.09115383,0.18998708,0.092927404,0.17680596,0.10474079,0.19478172,33.0,152 .408 61.118 3.997 36 .630 9.701 1.098 10.031 7.089 21 .348 1.396 Var0nes 131 .687 54.927 3.936 33 .651 9.640 1.088 8.410 6.813 11.939 1.283,10,152408.0,61118.0,3997.0,36630.0,9701.0,1098.0,10031.0,7089.0,21348.0,1396.0,152408.0,0.0,0.0,1,33.0,"38.426 1.861 60 9.553 4.657 503 5.286 3.673 12.179 654 Var0nes 30.178 1.831 60 8 .118 4 .617 503 4.376 3.481 6.578 , 614",10,38426.0,1861.0,60.0,9553.0,4657.0,503.0,5286.0,3673.0,12179.0,654.0,38426.0,0.0,0.0,1,0.40101569471418824,0.02622565744580337,0.24034171434570364,0.06365151435620177,0.007204346228544434,0.06581675502598289,0.046513306388116106,0.14007138732874916,0.00915962416671041,0.3039932287019054,0.35771088131856593,0.3061584693716865,0.5989843052858117,0.048430750013012024,0.001561442773122365,0.2486077135272992,0.12119398324051424,0.013090095248009161,0.13756310831208035,0.09558632176130745,0.3169468588976214,0.01701972622703378,0.36980169676781344,0.47847811377713007,0.38617082183937956,0.951569249986988,113982.0,59257.0,3937.0,27077.0,5044.0,595.0,4745.0,3416.0,9169.0,742.0,113982.0,0.0,0.0,1.0,0.0,1.0,0.5198803319822428,0.03454054148900704,0.23755505255215736,0.044252601287922654,0.005220122475478584,0.04162938007755611,0.02996964432980646,0.08044252601287923,0.006509799792949764,0.28180765384008,0.31699742064536507,0.2791844326297135,0.4801196680177572,0.26973337,0.25650495,0.29952252,0.28114092,1,1,1.0
40.0,segovia,0.08063124,0.19436568,0.08447852,0.19712067,0.09482362,0.18569924,0.09837832,0.19297957,33.0,71.221 43.327 240 8.298 3.130 320 3.322 1.410 8.465 2.709 Var0nes 86.022 42.419 240 7.705 3.130 310 2.960 1.351 5.296 2.611,10,71221.0,43327.0,240.0,8298.0,3130.0,320.0,3322.0,1410.0,8465.0,2709.0,71221.0,0.0,0.0,1,34.0,11.514 452 80 2 .271 995 90 1.277 642 4.394 1.313 Var0nes 9.150 . 452 80 1.888 995 80 1.095 623 2.662 1.273,10,11514.0,452.0,80.0,2271.0,995.0,90.0,1277.0,642.0,4394.0,1313.0,11514.0,0.0,0.0,1,0.6083458530489603,0.0033697926173460076,0.1165105797447382,0.04394771205122085,0.00449305682312801,0.04664354614509766,0.019797531626907793,0.11885539377430814,0.03803653416829306,0.16045829179595905,0.18474888024599487,0.16315412588983585,0.3916541469510397,0.039256557234670836,0.006948063227375369,0.1972381448671183,0.08641653639048115,0.007816571130797291,0.11090845926697933,0.055758207399687336,0.3816223727635921,0.11403508771929824,0.28365468125759946,0.34722945978808406,0.3081466041340976,0.9607434427653292,59707.0,42875.0,160.0,6027.0,2135.0,230.0,2045.0,768.0,4071.0,1396.0,59707.0,0.0,0.0,1.0,0.0,1.0,0.7180900061969283,0.002679752792804864,0.10094293801396821,0.0357579513289899,0.0038521446396569915,0.03425059038303716,0.012862813405463346,0.06818296012192875,0.023380843117222435,0.1367008893429581,0.15341584738807845,0.13519352839700538,0.2819099938030717,0.28052285,0.27499694,0.2913579,0.2815992,1,1,1.0
41.0,sevilla,0.104891926,0.19384281,0.11699757,0.21361989,0.10063672,0.18209805,0.11171273,0.20146932,34.0,400.773 195.232 3 .118 52.532 19.762 2.756 23.319 4.604 72.164 17.286 Var0nes 344.255 190.151 3 .079 38.748 19.613 2 .581 21.004 3.863 40.718 14.498,10,400773.0,195232.0,3118.0,52532.0,19762.0,2756.0,23319.0,14604.0,72164.0,17286.0,400773.0,0.0,0.0,1,34.0,141.886 .7 .042 56 30 .215 12.633 2.040 17.521 10.154 52 .653 9.572 Var0nes 107.259 6 .634 56 22 .981 12.497 1.865 15.744 9.630 29.484 8.368,10,141886.0,7042.0,56.0,30215.0,12633.0,2040.0,17521.0,10154.0,52653.0,9572.0,141886.0,0.0,0.0,1,0.4871386046465206,0.007779965217217727,0.1310766942882879,0.049309708987381885,0.006876710756463135,0.058185057376619685,0.03643958051066314,0.18006203012678,0.04313164809006595,0.18038640327566977,0.22370269454279604,0.18926175166490758,0.5128613953534794,0.04963139421789324,0.0003946830554106818,0.21295265212917414,0.08903626855362756,0.014377739875674837,0.12348646096161707,0.07156449544000112,0.37109369493818983,0.06746261082841154,0.3019889206828017,0.38793115599847766,0.3364391130907912,0.9503686057821068,258887.0,188190.0,3062.0,22317.0,7129.0,716.0,5798.0,4450.0,19511.0,7714.0,258887.0,0.0,0.0,1.0,0.0,1.0,0.7269194667943929,0.011827554106617946,0.08620363324539278,0.02753711078578685,0.0027656854148721257,0.02239587155786115,0.017188966614777874,0.07536492755526543,0.02979678392503293,0.11374074403117963,0.13369539606082964,0.10859950480325394,0.2730805332056071,0.28273475,0.29873472,0.31318206,0.33061746,1,1,1.0
42.0,soria,0.06746373,0.16979921,0.06766801,0.17287786,0.082538955,0.180943,0.09070317,0.18115923,36.0,58.751 1.392 164 2 .436 2.510 6.128 1.03 5 Var0nes 54.578 39 .196 92 4.176 1.392 164 2.257 2.438 3.839 1.024,10,58751.0,40499.0,92.0,4495.0,1392.0,164.0,2436.0,2510.0,6128.0,1035.0,58751.0,0.0,0.0,1,8.0,RÍA (EL) 9.316 3.174 116 2.725 784 32 761 424 1.194 106 Var0nes 8.590 3.114 106 2.616 784 32 741 424 667 106 1,10,6233.0,561.0,0.0,1320.0,380.0,30.0,818.0,583.0,2300.0,241.0,6233.0,0.0,0.0,1,0.6893329475242974,0.001565930792667359,0.07650933601130193,0.023693213732532213,0.0027914418477983354,0.04146312403193137,0.042722677060815985,0.10430460758114755,0.017616721417507787,0.10020254974383415,0.14571666865244848,0.11797246004323331,0.3106670524757026,0.09000481309160918,0.0,0.2117760308037863,0.060965827049574844,0.004813091609176962,0.1312369645435585,0.09353441360500561,0.36900369003690037,0.03866516926038826,0.27274185785336114,0.3710893630675437,0.34301299534734475,0.9099951869083909,52518.0,39938.0,92.0,3175.0,1012.0,134.0,1618.0,1927.0,3828.0,794.0,52518.0,0.0,0.0,1.0,0.0,1.0,0.7604630793251838,0.0017517803419779886,0.06045546288891428,0.019269583761757872,0.0025515061502722875,0.030808484710004188,0.03669218172816939,0.07288929509882326,0.015118625994896988,0.07972504665067215,0.11896873452911383,0.09126394759891847,0.23953692067481624,0.26348194,0.23726293,0.2718624,0.24054587,1,1,1.0
43.0,tarragona,0.07782999,0.15405579,0.08581885,0.16668616,0.074063696,0.14289562,0.082152255,0.1578813,36.0,145.641 82 .857 997 21 .931 7.077 524 9 .373 6.277 15.780 825 Var0nes 127.386 79 .641 957 16.113 6.998 514 7.553 6.030 8 .954 626,10,145641.0,82857.0,997.0,21931.0,7077.0,524.0,9373.0,6277.0,15780.0,825.0,145641.0,0.0,0.0,1,36.0,14.514 2 .103 10 3.091 1.374 42 1.405 2.270 4.188 31 Var0nes 11.889 2.082 10 2.571 1.374 42 1.187 2.197 2.405 21,10,14514.0,2103.0,10.0,3091.0,1374.0,42.0,1405.0,2270.0,4188.0,31.0,14514.0,0.0,0.0,1,0.568912600160669,0.006845599796760527,0.1505825969335558,0.04859208601973346,0.00359788795737464,0.06435687752761929,0.043099127306184384,0.1083486106247554,0.005664613673347477,0.19917468295328924,0.2458716982168483,0.2149394744611751,0.431087399839331,0.14489458453906573,0.000688989940746865,0.212966790684856,0.09466721785861927,0.0028937577511368336,0.09680308667493455,0.15640071654953838,0.2885489871847871,0.002135868816315282,0.3076340085434753,0.46692848284415045,0.30976987735979056,0.8551054154609343,131127.0,80754.0,987.0,18840.0,5703.0,482.0,7968.0,4007.0,11592.0,794.0,131127.0,0.0,0.0,1.0,0.0,1.0,0.6158457068338329,0.007527053924820975,0.14367750348898395,0.0434921869637832,0.003675825726204367,0.060765517399162645,0.030558161171993562,0.08840284609576975,0.006055198395448687,0.18716969045276716,0.22140367735096508,0.20444302088814661,0.3841542931661671,0.21695933,0.23188578,0.24003357,0.252505,1,1,1.0
44.0,teruel,0.06156379,0.14835411,0.0656384,0.16426265,0.079717614,0.16271423,0.08548697,0.16766042,37.0,92.524 62 .795 4.895 6.551 3.637 400 2.772 2 .538 8.736 200 Var0nes 83 .919 58 .734 4 .885 5.904 3.637 390 2.217 2 .468 5.484 200,10,92524.0,62795.0,4895.0,6551.0,3637.0,400.0,2772.0,2538.0,8736.0,200.0,92524.0,0.0,0.0,1,37.0,7 .328 916 29 1.315 824 20 783 457 2.944 40 Var0nes 5 .715 825 29 1.123 824 10 652 417 1.795 40,10,7328.0,916.0,29.0,1315.0,824.0,20.0,783.0,457.0,2944.0,40.0,7328.0,0.0,0.0,1,0.6786887726427737,0.052905192166356835,0.07080325104837663,0.0393087198997017,0.0043232026285071985,0.029959794215554884,0.027430720677878172,0.09441874540659721,0.0021616013142535992,0.11011197094807834,0.14186589425446372,0.10076304526393152,0.3213112273572263,0.125,0.003957423580786026,0.17944868995633187,0.11244541484716157,0.0027292576419213972,0.10685043668122271,0.06236353711790393,0.4017467248908297,0.0054585152838427945,0.2918941048034934,0.3569868995633188,0.2862991266375546,0.875,85196.0,61879.0,4866.0,5236.0,2813.0,380.0,1989.0,2081.0,5792.0,160.0,85196.0,0.0,0.0,1.0,0.0,1.0,0.7263134419456313,0.05711535752852247,0.061458284426498894,0.033017982064885674,0.0044603033006244425,0.023346166486689517,0.024426029391051225,0.06798441241372834,0.0018780224423681864,0.09447626649138458,0.12336259918306024,0.08480445091318842,0.2736865580543687,0.24243185,0.2099179,0.2531474,0.22990105,1,1,1.0
45.0,toledo,0.082257226,0.1788134,0.08741184,0.19136943,0.09542297,0.1769034,0.1009524,0.19406675,37.0,186 .692 130.857 466 15.966 6.638 328 7.643 3.422 20 .181 1.191 Var0nes 172 .318 128. 713 456 15.047 6.629 308 6 .679 3.296 10.119 1.07 1,10,186692.0,130857.0,466.0,15966.0,6638.0,328.0,7643.0,3422.0,20181.0,1191.0,186692.0,0.0,0.0,1,37.0,14.626 1.567 - 3.272 1.707 64 1.546 639 5.480 351 Var0nes 11.450 1.537 - 2 .785 1.707 64 1.323 598 3.095 341,10,14626.0,1567.0,0.0,3272.0,1707.0,64.0,1546.0,639.0,5480.0,351.0,14626.0,0.0,0.0,1,0.7009245173869261,0.0024960898163820626,0.08552053649861804,0.03555588884365693,0.001756904420114413,0.04093908683821482,0.018329655261071713,0.10809782958027125,0.006379491354744713,0.12107642534227497,0.1411629850234611,0.12645962333683286,0.29907548261307393,0.10713797347189935,0.0,0.2237111992342404,0.11670996854915903,0.0043757691781758515,0.1057021742103104,0.043689320388349516,0.37467523588130724,0.023998359086558185,0.3404211677833994,0.3884862573499248,0.3294133734445508,0.8928620265281006,172066.0,129290.0,466.0,12694.0,4931.0,264.0,6097.0,2783.0,14701.0,840.0,172066.0,0.0,0.0,1.0,0.0,1.0,0.7513977194797345,0.0027082631083421476,0.07377401694698546,0.028657608127114015,0.0015342949798333198,0.035434077621377846,0.016174026245742913,0.08543814582776377,0.004881847663106017,0.10243162507409947,0.12013994629967571,0.1092080945683633,0.24860228052026545,0.27232635,0.2610706,0.29501915,0.27878127,1,1,1.0
46.0,valencia,0.088277996,0.16730385,0.09840012,0.18380588,0.08549861,0.14746258,0.09294138,0.16569409,38.0,500.697 215.346 910 103 564 23 .710 3.091 45 .330 28.203 67 .242 8 .296 Var0nes 444.080 212.158 890 93 .046 23 .659 3.001 30 581 1 27.300 36.717 7 .728,10,500697.0,215346.0,910.0,103564.0,23710.0,3091.0,45330.0,28203.0,67242.0,8296.0,495692.0,-5005.0,0.009996065484714309,1,38.0,184.327 19.893 212 54 .869 11.338 1.926 28 .093 18.560 43.354 6 .082 Var0nes 151.652 19.581 202 47 .615 11.308 1.856 25 .079 18.037 22 .234 5.740,10,184327.0,19893.0,212.0,54869.0,11338.0,1926.0,28093.0,18560.0,43354.0,6082.0,184327.0,0.0,0.0,1,0.4300924511231344,0.001817466451766238,0.20683966550628424,0.04735398853997527,0.006173394288362023,0.09053379588853139,0.05632747949358594,0.13429679027435754,0.016568902949288693,0.2541936540462595,0.3166945278282075,0.29737346139481563,0.5699075488768657,0.107922333678734,0.0011501299321314837,0.29767207191567163,0.06151025080427718,0.010448821930590744,0.1524084914309895,0.10069062047339782,0.2352015711208884,0.03299570871331926,0.35918232271994877,0.47032176512393736,0.4500805633466611,0.892077666321266,316370.0,195453.0,698.0,48695.0,12372.0,1165.0,17237.0,9643.0,23888.0,2214.0,311365.0,-5005.0,0.01582008407876853,1.0,0.0,1.0,0.6177987799095995,0.0022062774599361508,0.15391788096216455,0.03910610993457028,0.003682397193159908,0.05448367417896766,0.030480134020292694,0.07550652716755697,0.006998135094983721,0.19302399089673483,0.22718652211018744,0.2084015551411322,0.3822012200904005,0.23296118,0.25558186,0.25863546,0.282206,1,1,1.0
47.0,valladolid,0.09370632,0.18488337,0.09950563,0.19715613,0.09723748,0.18924552,0.101235725,0.20411119,39.0,125.511 59.994 396 19.627 5.664 1 427 8.619 5.822 22 .916 2.046 Var0nes 107.825 56.433 396 17.685 5.635 427 7.520 5.646 12.135 1.948,10,125511.0,59994.0,396.0,19627.0,5664.0,427.0,8619.0,5822.0,22916.0,2046.0,125511.0,0.0,0.0,1,40.0,44.960 3.272 135 10.980 3.336 209 5.352 4.063 15.770 1.843 Var0nes 35.267 3.180 135 9 .872 3.336 209 4.660 3 .961 8 .173 1.74 1,10,44960.0,3272.0,135.0,10980.0,3336.0,209.0,5352.0,4063.0,15770.0,1843.0,44960.0,0.0,0.0,1,0.4779979444032794,0.0031551019432559694,0.15637673191991142,0.045127518703539926,0.0034020922468946946,0.06867127184071516,0.04638637250918246,0.18258160639306514,0.01630136004015584,0.20150425062345134,0.25129271537952846,0.22504800376062656,0.5220020555967206,0.07277580071174378,0.0030026690391459073,0.2442170818505338,0.07419928825622776,0.004648576512455516,0.1190391459074733,0.09036921708185053,0.35075622775800713,0.04099199288256228,0.31841637010676155,0.4134341637010676,0.36325622775800714,0.9272241992882562,80551.0,56722.0,261.0,8647.0,2328.0,218.0,3267.0,1759.0,7146.0,203.0,80551.0,0.0,0.0,1.0,0.0,1.0,0.7041749947238396,0.003240183237948629,0.1073481396878996,0.02890094474308202,0.0027063599458728013,0.04055815570259835,0.02183709699445072,0.08871398244590384,0.002520142518404489,0.1362490844309816,0.16079254137130514,0.14790629539049793,0.2958250052761604,0.286483,0.2785897,0.3053469,0.29666176,1,1,1.0
48.0,vizcaya,0.09413276,0.18442363,0.103419565,0.19448182,0.102616794,0.15493461,0.11529719,0.17209546,40.0,240 .776 46.060 4 .666 100.072 10.945 2.071 20 .876 16.008 36 .607 3.471 Var0nes 188.248 33.467 4 .043 87 .428 10.801 1.979 16.117 15.191 16.180 3.042,10,240776.0,46060.0,4666.0,100072.0,10945.0,2071.0,20876.0,16008.0,36607.0,3471.0,240776.0,0.0,0.0,1,40.0,98095 1.398 683 38.905 4.983 1.164 15.184 8.533 24 .748 2.497 1 Var0nes 73.268 1.230 652 32.853 4.941 1.112 12.053 7.978 10.235 2.214,10,98095.0,1398.0,683.0,38905.0,4983.0,1164.0,15184.0,8533.0,24748.0,2497.0,98095.0,0.0,0.0,1,0.19129813602684653,0.01937900787453899,0.41562281955012126,0.04545718842409543,0.008601355616838887,0.08670299365385255,0.06648503173073728,0.15203757849619565,0.014415888626773432,0.4610800079742167,0.5361663953217929,0.5023258132039738,0.8087018639731535,0.014251490901676945,0.006962638258830725,0.39660533156633876,0.05079769611091289,0.011866048218563637,0.15478872521535247,0.08698710433763189,0.2522860492379836,0.025454916152709107,0.44740302767725165,0.5462561802334471,0.5513940567816912,0.985748509098323,142681.0,44662.0,3983.0,61167.0,5962.0,907.0,5692.0,7475.0,11859.0,974.0,142681.0,0.0,0.0,1.0,0.0,1.0,0.3130199536027922,0.02791541971250552,0.42869758412122144,0.04178552154806877,0.006356837981230858,0.03989318830117535,0.05238959637232708,0.08311548138855208,0.006826416972126632,0.47048310566929025,0.5292295400228482,0.46859077242239683,0.6869800463972078,0.2575514,0.27855638,0.28739265,0.2979014,1,1,1.0
49.0,zamora,0.06375428,0.16333711,0.07112638,0.17745353,0.08780485,0.17993623,0.09479812,0.20172572,41.0,114.510 81 .248 81 8.269 4.776 343 4.222 1.842 13.166 563 Var0nes 102.326 76.089 81 7.539 4.766 334 3.771 1.792 7.559 395,10,114510.0,81248.0,81.0,8269.0,4776.0,343.0,4222.0,1842.0,13166.0,563.0,114510.0,0.0,0.0,1,41.0,13.303 1.148 21 2.189 1.771 155 2.008 931 4.777 303 Var0nes 10.583 1.108 21 1.833 1.771 155 1.771 911 2.868 145,10,13303.0,1148.0,21.0,2189.0,1771.0,155.0,2008.0,931.0,4777.0,303.0,13303.0,0.0,0.0,1,0.709527552178849,0.0007073618024626671,0.07221203388350363,0.04170814776002096,0.002995371583267837,0.036870142345646666,0.016085931359706575,0.11497685791633919,0.004916601170203476,0.11392018164352458,0.133001484586499,0.1090821762291503,0.290472447821151,0.08629632413741262,0.0015785912951965721,0.1645493497707284,0.13312786589491094,0.011651507178831842,0.1509433962264151,0.06998421408704804,0.3590919341501917,0.022776817259264826,0.2976772156656393,0.3793129369315192,0.3154927459971435,0.9137036758625874,101207.0,80100.0,60.0,6080.0,3005.0,188.0,2214.0,911.0,8389.0,260.0,101207.0,0.0,0.0,1.0,0.0,1.0,0.7914472319108362,0.0005928443684725365,0.06007489600521703,0.029691622120999534,0.0018575790212139477,0.021875957196636597,0.009001353661308012,0.08288952345193515,0.0025689922633809915,0.08976651812621657,0.10062545080873853,0.08195085320185362,0.2085527680891638,0.26774108,0.2270914,0.29652384,0.24857992,1,1,1.0
50.0,zaragoza,0.07705376,0.15666892,0.086247295,0.17259961,0.082178876,0.14798379,0.08828013,0.15831499,41.0,246.490 116.185 1.673 43 .146 10.243 1.633 17.028 11.355 37.753 7 .474 Var0nes 215.856 113.811 1.653 34 .908 10.163 1.583 14.202 10.924 21.789 6.823,10,246490.0,116185.0,1673.0,43146.0,10243.0,1633.0,17028.0,11355.0,37753.0,7474.0,246490.0,0.0,0.0,1,41.0,108.915 15.162 272 30.616 7.786 1.038 12.798 8.199 27.242 5.802 Var0nes 86.655 14.698 252 24.322 7.717 989 10.481 7.858 15.051 5.287,10,108915.0,15162.0,272.0,30616.0,7786.0,1038.0,12798.0,8199.0,27242.0,5802.0,108915.0,0.0,0.0,1,0.47135786441640637,0.0067872936021745305,0.1750415838370725,0.04155543835449714,0.006625015213598929,0.06908191001663354,0.04606677755689886,0.15316240009736704,0.03032171690535113,0.21659702219156965,0.2692888149620674,0.24412349385370602,0.5286421355835936,0.13920947527888722,0.0024973603268603956,0.28109994032043334,0.07148693935637883,0.009530367717945187,0.11750447596749759,0.07527888720561907,0.25012165450121654,0.053270899325161825,0.3525868796768122,0.43739613460037646,0.398604416287931,0.8607905247211127,137575.0,101023.0,1401.0,12530.0,2457.0,595.0,4230.0,3156.0,10511.0,1672.0,137575.0,0.0,0.0,1.0,0.0,1.0,0.7343121933490823,0.010183536252952935,0.09107759403961475,0.01785934944575686,0.004324913683445394,0.030746865346174813,0.02294021442849355,0.07640196256587316,0.012153370888606215,0.10893694348537161,0.13620207159731057,0.12182445938578956,0.26568780665091773,0.23016267,0.23372269,0.24659511,0.2588469,1,1,1.0
